subj_id,faceage
30_0_2_20170117141818577,38.26381
32_0_0_20170117021349237,41.95025
35_0_0_20170113210127529,43.80998
36_0_0_20170117183315158,36.142834
38_0_0_20170104203131804,61.59288
55_0_0_20170120223727206,63.245014
58_0_0_20170117195023639,68.951546
60_0_0_20170111205328800,68.505295
70_1_0_20170117155916072,54.770554
88_1_0_20170120230401803,87.32203
